battery,dataset,old_time,new_time,old_time_rf,new_time_rf,old_time_aff,new_time_aff,old_time_clus,new_time_clus,n,p,kmin,kmax,di_gain,ari_old,ari_new,ari_gain
fcps,atom,15.086287021636965,14.179730653762816,0.3344812393188476,0.2298011779785156,0.845421552658081,0.5412356853485107,13.906382083892822,13.40869164466858,800.0,3.0,2.0,2.0,0.03328968995812198,0.9652627874539741,0.9119149791631168,-0.05334780829085728
fcps,chainlink,16.829703330993652,16.04652976989746,0.3617696762084961,0.2928345203399658,0.9942140579223632,0.6477198600769043,15.473714113235474,15.105971336364746,1000.0,3.0,2.0,2.0,0.01833188084508109,0.636440846985138,0.20194279789943428,-0.4344980490857038
fcps,engytime,40.68715214729309,34.11954736709595,0.4043326377868652,0.2736105918884277,16.445982217788696,7.396393775939941,23.836827516555783,26.449540376663208,4096.0,2.0,2.0,2.0,-0.0038510079422665383,0.7351086078189961,0.5377607376821544,-0.19734787013684174
fcps,hepta,2.24173903465271,2.0310561656951904,0.3538880348205566,0.294849157333374,0.1646704673767089,0.15763521194458,1.7231786251068115,1.578568696975708,212.0,3.0,7.0,7.0,3.3851909019736817,0.9783267474041945,1.0,0.021673252595805548
fcps,lsun,6.201133966445923,6.125949382781982,0.4076764583587646,0.2995939254760742,0.2904450893402099,0.219083547592163,5.503009080886841,5.607270240783691,400.0,2.0,3.0,3.0,-0.05197136057293403,0.33986903315210604,0.40473335256249066,0.06486431941038462
fcps,target,24.60388445854187,25.682093620300293,0.4178500175476074,0.295792818069458,0.8575685024261475,0.4943149089813232,23.3284649848938,24.89198350906372,770.0,2.0,2.0,6.0,-0.012241085720038805,0.5220112568333285,0.48450134236341913,-0.03750991446990937
fcps,tetra,6.274137020111084,6.237566709518433,0.3591811656951904,0.2954926490783691,0.3106100559234619,0.2108259201049804,5.604344367980957,5.731246709823608,400.0,3.0,4.0,4.0,0.4920804132000724,0.875923365076022,1.0,0.12407663492397802
fcps,twodiamonds,12.357057571411133,12.726390361785889,0.4014699459075928,0.2875030040740967,1.0666067600250244,0.4028949737548828,10.888979196548462,12.035990715026855,800.0,2.0,2.0,2.0,0.20025066550216597,0.000658891652239185,1.0,0.9993411083477608
fcps,wingnut,16.5177264213562,15.59297251701355,0.4844934940338135,0.333167552947998,1.550426721572876,0.725275993347168,14.482799768447876,14.534523963928224,1016.0,2.0,2.0,2.0,0.10212947039139841,0.8341104357498142,0.9960629883195229,0.16195255256970864
g2mg,g2mg_1_10,27.25703859329224,24.616825342178345,0.458824872970581,0.3052546977996826,6.258312463760376,2.1661295890808105,20.539899826049805,22.14543867111206,2048.0,1.0,2.0,2.0,12.886951302304245,0.8606233378783241,1.0,0.13937666212167588
g2mg,g2mg_1_20,28.596641540527344,22.878154277801517,0.4324936866760254,0.2848339080810547,6.610982656478882,1.9316585063934328,21.553163051605225,20.661657571792603,2048.0,1.0,2.0,2.0,0.9919705521138542,0.9883098716882143,1.0,0.01169012831178573
g2mg,g2mg_1_30,27.946059465408325,22.850278615951535,0.4595277309417724,0.2930512428283691,7.168258190155029,2.037137508392334,20.31827211380005,20.52008867263794,2048.0,1.0,2.0,2.0,0.1670863865843808,0.7603914921452005,1.0,0.23960850785479948
g2mg,g2mg_1_40,28.46692371368408,23.202614307403564,0.4142382144927978,0.3237097263336181,6.74478006362915,2.0824153423309326,21.307900428771973,20.79648780822754,2048.0,1.0,2.0,2.0,0.06464000108174085,0.8247479733133143,0.9921989490134018,0.1674509757000875
g2mg,g2mg_1_50,27.30218505859375,22.903369665145878,0.418316125869751,0.302703857421875,6.656444072723389,2.046827793121338,20.227423667907715,20.553836345672607,2048.0,1.0,2.0,2.0,0.055691467487219995,0.8425902831056619,0.994146348565303,0.15155606545964118
g2mg,g2mg_1_60,27.315216779708862,22.22910690307617,0.3989899158477783,0.3257255554199219,6.592929840087891,2.097468376159668,20.32329559326172,19.805911540985107,2048.0,1.0,2.0,2.0,0.04879327140968977,0.8318614592216512,0.9941463498654464,0.16228489064379514
g2mg,g2mg_1_70,26.739415645599365,22.679002285003666,0.4548177719116211,0.2345244884490966,6.581590414047241,1.8643546104431152,19.703006267547607,20.580121755599976,2048.0,1.0,2.0,2.0,0.0028431496136797074,0.8088530465907181,0.9902534565956238,0.1814004100049057
g2mg,g2mg_1_80,26.144274950027462,21.034899473190308,0.2977273464202881,0.2337651252746582,6.709136724472046,1.7814431190490725,19.13740825653076,19.01969003677368,2048.0,1.0,2.0,2.0,0.04116807976199127,0.8035892386177966,0.9747582161097859,0.17116897749198923
g2mg,g2mg_1_90,27.47760581970215,20.466582536697388,0.3015487194061279,0.3080809116363525,7.092116355895996,2.000505208969116,20.08393883705139,18.157994985580444,2048.0,1.0,2.0,2.0,0.038080313632867575,0.9009679971639649,0.957472059164534,0.05650406200056912
g2mg,g2mg_2_10,23.404659748077396,22.430073022842407,0.3759157657623291,0.3212370872497558,4.996934652328491,2.0106310844421387,18.031807899475098,20.098203659057617,2048.0,2.0,2.0,2.0,0.0,1.0,1.0,0.0
g2mg,g2mg_2_20,26.81017661094665,22.04406714439392,0.3858249187469482,0.3628492355346679,5.257849216461182,2.172537088394165,21.16650128364563,19.508679389953613,2048.0,2.0,2.0,2.0,-1.109653671519764,1.0,0.9960956573559123,-0.003904342644087677
g2mg,g2mg_2_30,25.46788239479065,20.71843242645264,0.3883652687072754,0.3045742511749267,5.12960696220398,2.186027765274048,19.949907302856445,18.22782826423645,2048.0,2.0,2.0,2.0,-0.0018219212233794996,0.9709034886638267,0.8678897200721807,-0.10301376859164602
g2mg,g2mg_2_40,26.30875873565674,23.401062726974487,0.3985028266906738,0.3037302494049072,4.856022834777832,2.093109607696533,21.05423092842102,21.004220008850098,2048.0,2.0,2.0,2.0,-0.037065497030682876,0.9844284288284646,0.751892980192229,-0.23253544863623554
g2mg,g2mg_2_50,25.05634570121765,22.04607963562012,0.4381420612335205,0.2748043537139892,4.602990388870239,2.024780511856079,20.01521158218384,19.746493577957157,2048.0,2.0,2.0,2.0,-0.030152926105490484,0.9214866723195195,0.5755545325825957,-0.3459321397369238
g2mg,g2mg_2_60,23.4147367477417,23.32237720489502,0.3782646656036377,0.2883081436157226,4.112110614776611,2.0589427947998047,18.92435908317566,20.97512030601501,2048.0,2.0,2.0,2.0,-0.0015827267520069632,0.9009678805950672,0.5681645104939108,-0.33280337010115635
g2mg,g2mg_2_70,26.237133502960205,22.47286462783813,0.3828587532043457,0.321671724319458,5.016779661178589,2.2208080291748047,20.837491989135746,19.930381536483765,2048.0,2.0,2.0,2.0,0.037805315893179675,0.8588112879260313,0.46837702853348073,-0.3904342593925506
g2mg,g2mg_2_80,25.530193090438843,21.99895429611206,0.3949716091156006,0.3036599159240722,5.719861745834351,2.2111964225769043,19.415358304977417,19.48409605026245,2048.0,2.0,2.0,2.0,0.013062545330822916,0.7706485035442999,0.44721800214616636,-0.32343050139813356
g2mg,g2mg_2_90,24.69357252120972,23.590505599975582,0.3526637554168701,0.3001625537872314,5.114864349365234,2.187253475189209,19.226042985916138,21.103084325790405,2048.0,2.0,2.0,2.0,6.506099792567138e-05,0.5608222092346556,0.3976894482004556,-0.16313276103420005
g2mg,g2mg_4_10,27.248825073242188,23.57175064086914,0.379331111907959,0.3113186359405517,4.819999933242798,2.061145067214966,22.04949259757996,21.199283361434937,2048.0,4.0,2.0,2.0,0.0,1.0,1.0,0.0
g2mg,g2mg_4_20,27.55955410003662,22.318227291107178,0.3760304450988769,0.3015224933624267,4.788112163543701,2.2227578163146973,22.395410299301147,19.7939453125,2048.0,4.0,2.0,2.0,-0.62427281893936,1.0,0.9102659557540868,-0.08973404424591325
g2mg,g2mg_4_30,25.93618488311768,22.450617790222168,0.2327156066894531,0.2585446834564209,3.46262264251709,2.042287588119507,22.24084496498108,20.149783611297607,2048.0,4.0,2.0,2.0,-0.1057273250380441,0.9844284281931482,0.9214866463818524,-0.06294178181129584
g2mg,g2mg_4_40,24.989874839782715,22.362752199172974,0.3561596870422363,0.2511823177337646,3.4314608573913574,2.290000915527344,21.20225167274475,19.82156729698181,2048.0,4.0,2.0,2.0,-0.043247691042487185,0.9233634415558714,0.7706486369343214,-0.15271480462154996
g2mg,g2mg_4_50,25.439208030700684,24.13927245140076,0.4363431930541992,0.2501335144042969,3.6913869380950928,2.1069676876068115,21.31147575378418,21.7821683883667,2048.0,4.0,2.0,2.0,-0.03872615849018153,0.8715345388752456,0.3722251310330878,-0.49930940784215777
g2mg,g2mg_4_60,24.404832124710083,21.70471501350403,0.4303064346313476,0.2794446945190429,3.9519429206848153,2.1992297172546387,20.022581577301025,19.2260377407074,2048.0,4.0,2.0,2.0,-0.031542784454774736,0.8917174676832188,0.2808389288201757,-0.6108785388630431
g2mg,g2mg_4_70,25.18241238594055,22.38738179206848,0.3560225963592529,0.275137186050415,4.24031138420105,2.046217918395996,20.586076736450195,20.06602549552917,2048.0,4.0,2.0,2.0,-0.019899282658532608,0.8106107890390298,0.2506115485917136,-0.5599992404473162
g2mg,g2mg_4_80,25.322571754455566,22.89613342285156,0.3578324317932129,0.280231237411499,4.166728973388672,2.1059865951538086,20.798008680343628,20.509913682937626,2048.0,4.0,2.0,2.0,0.007030782602619412,0.6224407624279108,0.22860104667289116,-0.39383971575501964
g2mg,g2mg_4_90,24.97993540763855,23.024332284927368,0.3338840007781982,0.2594673633575439,4.927127122879028,2.0232882499694824,19.71892285346985,20.741575002670288,2048.0,4.0,2.0,2.0,-0.005347655101683696,0.639511488617002,0.20140937451923174,-0.4381021140977703
g2mg,g2mg_8_10,26.214008331298828,24.72113871574402,0.394111156463623,0.251190185546875,5.24166464805603,2.3135879039764404,20.57822608947754,22.15635871887207,2048.0,8.0,2.0,2.0,-3.4999579005984183,1.0,0.9921989478207287,-0.007801052179271295
g2mg,g2mg_8_20,25.122971534729004,22.67958402633667,0.3600790500640869,0.2652029991149902,5.147228479385376,2.687129259109497,19.615663051605225,19.72725009918213,2048.0,8.0,2.0,2.0,-0.7120605047574757,1.0,0.9290052802559506,-0.07099471974404936
g2mg,g2mg_8_30,24.828845977783203,21.461578607559204,0.3833150863647461,0.2476239204406738,3.4497854709625244,2.0137720108032227,20.99574422836304,19.20017981529236,2048.0,8.0,2.0,2.0,-0.27159159927453036,0.9747582169625169,0.7051935605744466,-0.26956465638807026
g2mg,g2mg_8_40,22.90161776542664,22.025009393692017,0.3159961700439453,0.2489540576934814,3.529452085494995,1.857524871826172,19.056167364120483,19.918527126312256,2048.0,8.0,2.0,2.0,-0.09779098257863733,0.897261983505283,0.3818278833150666,-0.5154341001902163
g2mg,g2mg_8_50,25.479249477386475,21.43045926094055,0.3070418834686279,0.2504236698150635,3.835441112518311,2.0286202430725098,21.33676528930664,19.151414155960083,2048.0,8.0,2.0,2.0,-0.055168959229972336,0.835429880598278,0.4777878224626704,-0.3576420581356077
g2mg,g2mg_8_60,23.615821599960327,22.520548820495605,0.2937817573547363,0.2706818580627441,4.15583062171936,1.9265007972717283,19.16620779037476,20.323364734649655,2048.0,8.0,2.0,2.0,-0.0458397745420242,0.8123712020255887,0.43940955462515746,-0.3729616474004312
g2mg,g2mg_8_70,24.15414786338806,21.806974411010746,0.3360641002655029,0.2893283367156982,4.703803539276123,2.146646738052368,19.114278316497803,19.3709979057312,2048.0,8.0,2.0,2.0,-0.02949311278986233,0.7051935731478375,0.12248204767088414,-0.5827115254769534
g2mg,g2mg_8_80,25.4202938079834,23.1775906085968,0.3494329452514648,0.2654981613159179,4.903244018554688,2.0622494220733643,20.16761374473572,20.849842071533203,2048.0,8.0,2.0,2.0,-0.002392217398480667,0.6856374952614138,0.20759831945504134,-0.47803917580637245
g2mg,g2mg_8_90,25.612961769104004,22.030726194381717,0.4085314273834228,0.273951768875122,5.4035632610321045,2.1428165435791016,19.80086612701416,19.61395621299744,2048.0,8.0,2.0,2.0,0.0029048074361057163,0.5405176083004918,0.19015704604388933,-0.35036056225660245
g2mg,g2mg_16_10,27.278812170028687,24.100796461105347,0.3254580497741699,0.3236508369445801,5.137839317321777,2.932112693786621,21.815513610839844,20.8450300693512,2048.0,16.0,2.0,2.0,0.0,1.0,1.0,0.0
g2mg,g2mg_16_20,24.914156913757324,24.003849267959595,0.3646488189697265,0.3337194919586181,4.126092433929443,2.9229655265808105,20.423413515090942,20.74716281890869,2048.0,16.0,2.0,2.0,-0.33219412966497663,0.9921989478789079,0.8880306665301785,-0.10416828134872946
g2mg,g2mg_16_30,25.04617738723755,22.94196653366089,0.4701137542724609,0.3177723884582519,3.774912834167481,2.1999764442443848,20.801149368286133,20.42421507835388,2048.0,16.0,2.0,2.0,-0.014274017433476005,0.9555609104282625,0.7586867142913709,-0.1968741961368916
g2mg,g2mg_16_40,25.4364333152771,24.160887002944943,0.4025585651397705,0.3056681156158447,3.971458673477173,2.056670904159546,21.06241488456726,21.798546314239506,2048.0,16.0,2.0,2.0,-0.10146718984717329,0.8642525333449099,0.20228701314100256,-0.6619655202039074
g2mg,g2mg_16_50,26.450591325759888,22.29959344863892,0.3466129302978515,0.329937219619751,4.4069342613220215,2.2288100719451904,21.69704246520996,19.740840196609497,2048.0,16.0,2.0,2.0,-0.1437922598545569,0.7792500710939494,0.10659057142747472,-0.6726594996664746
g2mg,g2mg_16_60,26.09457564353943,21.877806901931763,0.3898372650146484,0.3413796424865722,4.391830205917358,2.016873359680176,21.312904596328732,19.519551277160645,2048.0,16.0,2.0,2.0,-0.08119240044078135,0.5980092342301001,0.0876902420531413,-0.5103189921769589
g2mg,g2mg_16_70,23.084402084350582,22.690274238586422,0.3910417556762695,0.3511614799499511,4.3818888664245605,2.0481085777282715,18.31146788597107,20.29100251197815,2048.0,16.0,2.0,2.0,-0.016582667131432416,0.6301685527421557,0.21208424334524126,-0.41808430939691443
g2mg,g2mg_16_80,25.766571521759037,23.614725828170776,0.4106447696685791,0.2995331287384033,4.407031774520874,2.02276611328125,20.94889235496521,21.29242491722107,2048.0,16.0,2.0,2.0,0.039146093681858285,0.5637527959244779,0.19617660399891912,-0.3675761919255588
g2mg,g2mg_16_90,25.440746307373047,22.20520496368408,0.3721802234649658,0.3081891536712646,5.253768444061279,1.9838175773620603,19.814791440963745,19.91319704055786,2048.0,16.0,2.0,2.0,-0.0889639496220701,0.32270170243214663,0.10787261568264551,-0.21482908674950113
g2mg,g2mg_32_10,25.288147449493408,24.32347583770752,0.294499397277832,0.4674906730651855,4.5544962882995605,3.044426441192627,20.43915057182312,20.811557292938232,2048.0,32.0,2.0,2.0,0.0,1.0,1.0,0.0
g2mg,g2mg_32_20,23.94148588180542,23.083965063095093,0.3468775749206543,0.5027139186859131,3.5548346042633057,2.641265869140625,20.03977131843567,19.93998432159424,2048.0,32.0,2.0,2.0,-0.17677527866580478,0.9960956573486328,0.9214866465285237,-0.07460901082010907
g2mg,g2mg_32_30,24.748141527175903,22.484691858291622,0.4058687686920166,0.4282169342041015,4.389206647872925,1.996875047683716,19.953064441680908,20.05959725379944,2048.0,32.0,2.0,2.0,-0.12988131284156212,0.9384464929639307,0.7809761634830951,-0.1574703294808356
g2mg,g2mg_32_40,23.80848741531372,23.818861961364743,0.3109307289123535,0.4403021335601806,3.9640591144561768,2.0953195095062256,19.533495903015137,21.283233404159542,2048.0,32.0,2.0,2.0,-0.20416172373408936,0.7233613107693675,0.4764378065660748,-0.24692350420329268
g2mg,g2mg_32_50,25.769545316696167,24.29047131538391,0.4487144947052002,0.4720957279205322,4.286264657974243,2.2477738857269287,21.03456473350525,21.570600509643555,2048.0,32.0,2.0,2.0,-0.0750023062322247,0.6905007941884775,0.1259321602275834,-0.5645686339608942
g2mg,g2mg_32_60,26.58868169784546,24.95518469810486,0.4077982902526855,0.4562830924987793,4.451470851898193,2.2131035327911377,21.729411363601685,22.285796642303467,2048.0,32.0,2.0,2.0,-0.007274586748043488,0.5333573078287775,0.09003196653639936,-0.4433253412923782
g2mg,g2mg_32_70,27.7127103805542,24.97189688682556,0.3799440860748291,0.4646697044372558,4.956768751144409,2.136235475540161,22.375996351242065,22.370988845825195,2048.0,32.0,2.0,2.0,0.11281895922617813,0.3927746498413333,0.15601571546318788,-0.23675893437814544
g2mg,g2mg_32_80,27.26348328590393,23.602134704589844,0.3822529315948486,0.5061161518096924,4.864859104156494,2.19052529335022,22.016369819641117,20.905490398406982,2048.0,32.0,2.0,2.0,0.057737985844458106,0.22394936268874505,0.12454721005066656,-0.09940215263807849
g2mg,g2mg_32_90,28.946300268173218,22.78606605529785,0.4496877193450928,0.50209641456604,8.130689144134521,2.1720221042633057,20.365922212600708,20.11193990707397,2048.0,32.0,2.0,2.0,0.02811294697281419,0.055389757538021174,0.027411496784397325,-0.02797826075362385
g2mg,g2mg_64_10,27.77200412750244,25.95301103591919,0.372112512588501,1.274965763092041,4.863239049911499,3.3734612464904785,22.536651372909542,21.304582357406616,2048.0,64.0,2.0,2.0,0.0,1.0,1.0,0.0
g2mg,g2mg_64_20,24.73131775856018,25.1669921875,0.3988237380981445,1.1236820220947266,3.780426502227783,2.770448684692383,20.55206608772278,21.27285981178284,2048.0,64.0,2.0,2.0,-0.08194848359281837,0.988309871427175,0.8733598313377131,-0.11495004008946186
g2mg,g2mg_64_30,28.066596746444706,21.802700519561768,0.3705122470855713,1.0939018726348877,4.769635438919067,2.177977561950684,22.92644762992859,18.530817985534668,2048.0,64.0,2.0,2.0,-0.013047435590547884,0.8715345362760851,0.5844845398891776,-0.28704999638690754
g2mg,g2mg_64_40,24.903611421585083,25.58494806289673,0.3785948753356933,1.1441857814788818,4.023271083831787,2.1695492267608643,20.501744031906128,22.27121043205261,2048.0,64.0,2.0,2.0,-0.05477265348864924,0.7316957289299165,0.35338383288276765,-0.3783118960471489
g2mg,g2mg_64_50,26.78893494606018,25.8266179561615,0.3878490924835205,1.168137550354004,4.759700059890747,2.3055129051208496,21.6413848400116,22.352965831756592,2048.0,64.0,2.0,2.0,-0.04761551777845563,0.48592864543960046,0.1197586132111713,-0.36617003222842914
g2mg,g2mg_64_60,25.6985821723938,23.38312792778015,0.4605686664581299,1.1162889003753662,4.624191045761108,2.176687479019165,20.613820552825928,20.090147972106934,2048.0,64.0,2.0,2.0,-0.004044819989841297,0.3568794686384179,0.11242252481390583,-0.24445694382451208
g2mg,g2mg_64_70,24.63234853744507,23.381178617477417,0.4684782028198242,1.1925873756408691,4.443004131317139,2.415640115737915,19.72086477279663,19.77294969558716,2048.0,64.0,2.0,2.0,0.00520454450695973,0.19272612554039933,0.030428001840029,-0.16229812370037033
g2mg,g2mg_64_80,25.93435025215149,23.21589708328247,0.427767276763916,1.1125941276550293,4.67786979675293,2.1218791007995605,20.82871174812317,19.981421947479248,2048.0,64.0,2.0,2.0,0.0060932585069410905,0.02773900050841582,0.02644182975045864,-0.00129717075795718
g2mg,g2mg_64_90,24.48576641082764,24.291160821914676,0.3960752487182617,1.0822412967681885,4.283895969390869,2.6206064224243164,19.80579400062561,20.588311910629272,2048.0,64.0,2.0,2.0,0.0028493642001643504,0.008864305560825892,0.02098173671708964,0.012117431156263746
g2mg,g2mg_128_10,25.20981979370117,31.0000422000885,0.443068265914917,4.6250388622283936,3.762302875518799,3.1583614349365234,21.00444197654724,23.21663975715637,2048.0,128.0,2.0,2.0,0.0,1.0,1.0,0.0
g2mg,g2mg_128_20,25.32779884338379,26.768457412719727,0.4364662170410156,3.605204343795776,4.101732969284058,2.364814043045044,20.7895941734314,20.79843759536743,2048.0,128.0,2.0,2.0,-0.0361250986029944,0.9844284281643424,0.858811072668492,-0.1256173554958504
g2mg,g2mg_128_30,26.584631204605103,27.867647647857662,0.4962635040283203,3.7159388065338135,4.142606973648071,2.3893423080444336,21.945757150650024,21.762364149093628,2048.0,128.0,2.0,2.0,-0.027284728244879597,0.8088522835947621,0.1884549554122785,-0.6203973281824836
g2mg,g2mg_128_40,26.9985945224762,28.223679065704346,0.4057338237762451,3.973083972930908,4.126031875610352,2.5901215076446533,22.46682548522949,21.660465717315677,2048.0,128.0,2.0,2.0,-0.09927417675462569,0.14989576288922196,0.2726100953255686,0.12271433243634666
g2mg,g2mg_128_50,24.98566746711731,27.15572834014893,0.4644618034362793,4.2739808559417725,4.075273275375366,2.7637646198272705,20.44593048095703,20.11798119544983,2048.0,128.0,2.0,2.0,-0.08523925498766838,0.29659733662994253,0.22673435777048961,-0.06986297885945292
g2mg,g2mg_128_60,26.1082603931427,29.88735818862915,0.4621894359588623,4.390829563140869,4.512728691101074,2.797670841217041,21.13334083557129,22.698856830596924,2048.0,128.0,2.0,2.0,-0.012703405987551264,0.09478903026566086,0.017951045011781165,-0.07683798525387969
g2mg,g2mg_128_70,27.248634815216064,31.91882562637329,0.4505136013031006,4.308428525924683,4.3072569370269775,2.5732674598693848,22.49085640907288,25.03712821006775,2048.0,128.0,2.0,2.0,0.009208100346814518,0.012134707138291869,0.057254585090185627,0.04511987795189376
g2mg,g2mg_128_80,25.75322461128235,28.637754440307617,0.4253418445587158,4.436697006225586,4.911647081375122,2.63961124420166,20.416232585906982,21.56144499778748,2048.0,128.0,2.0,2.0,-0.022859426172211705,0.002946793404435936,0.00392468191447762,0.0009778885100416835
g2mg,g2mg_128_90,26.273250341415405,26.69060039520264,0.4885149002075195,4.329023361206055,4.8067052364349365,2.7794089317321777,20.97801733016968,19.58216643333435,2048.0,128.0,2.0,2.0,-0.08402200147550354,-0.0004542996773912881,0.002723929949335606,0.003178229626726894
graves,dense,2.52496337890625,2.3367066383361816,0.3643863201141357,0.2680952548980713,0.1606049537658691,0.1197469234466552,1.9999706745147705,1.948863506317139,200.0,2.0,2.0,2.0,0.13747847885623732,0.9406017851434009,0.9799995050507551,0.03939771990735419
graves,fuzzyx,45.68093609809876,47.833261013031006,0.3994615077972412,0.3100998401641845,1.287883996963501,0.5106420516967773,43.99358415603638,47.012507915496826,1000.0,2.0,2.0,5.0,0.005333845675268005,0.2394963834950658,1.0,0.7605036165049341
graves,line,3.3138554096221924,3.277585029602051,0.4544336795806885,0.2751855850219726,0.1729631423950195,0.1421732902526855,2.6864571571350098,2.860225200653076,250.0,2.0,2.0,2.0,0.10335300949656828,-0.058238601968838025,-0.013007773693326249,0.045230828275511774
graves,parabolic,30.62180066108704,29.15836215019226,0.3831076622009277,0.3178293704986572,1.2614929676055908,0.5374937057495117,28.9771990776062,28.303037643432617,1000.0,2.0,2.0,4.0,-0.04800188047099866,0.4219231475455665,0.30844475377305425,-0.11347839377251223
graves,ring,16.50142788887024,15.777796030044556,0.4192254543304443,0.3340578079223633,1.3807764053344729,0.7097766399383545,14.701424837112429,14.733959913253784,1000.0,2.0,2.0,2.0,1.0052205084906352,0.995999996008016,1.0,0.004000003991983969
graves,ring_noisy,16.837071180343628,16.095149517059326,0.3768661022186279,0.3630948066711426,1.5486414432525637,0.8605072498321533,14.911561965942385,14.871546030044556,1050.0,2.0,2.0,2.0,-0.1592124759023049,1.0,0.8472726111674987,-0.15272738883250125
graves,ring_outliers,32.297789573669434,29.31381630897522,0.4384162425994873,0.3145465850830078,1.4526710510253906,0.7676196098327637,30.40670108795166,28.231648683547974,1030.0,2.0,2.0,5.0,-0.9669303195267092,1.0,0.5393424699575762,-0.4606575300424238
graves,zigzag,6.035073518753052,5.287353515625,0.3354921340942383,0.2812962532043457,0.2043957710266113,0.1426460742950439,5.495184421539307,4.863409519195557,250.0,2.0,3.0,5.0,0.023085927824441715,0.5431290424157134,0.5877648652110347,0.0446358227953213
graves,zigzag_noisy,8.410465002059937,8.763029336929321,0.3401153087615967,0.2682700157165527,0.2057998180389404,0.1715195178985595,7.864548206329346,8.323238611221313,300.0,2.0,3.0,5.0,0.03253078234320912,0.48803461012752497,0.5587265294541276,0.07069191932660263
graves,zigzag_outliers,6.792088508605957,6.118572473526001,0.3456306457519531,0.2554049491882324,0.1956019401550293,0.1392009258270263,6.250854015350342,5.723964691162109,280.0,2.0,3.0,5.0,-0.039265313218036946,0.6017788006838009,0.5762768543318706,-0.02550194635193026
h2mg,h2mg_1_10,23.153263092041016,20.399229049682617,0.3722531795501709,0.2824258804321289,5.235623836517334,1.8015894889831543,17.545384407043457,18.31521153450012,2048.0,1.0,2.0,2.0,18.981333551534725,0.8443849657903182,1.0,0.1556150342096818
h2mg,h2mg_1_20,22.6963369846344,19.147108554840088,0.3809113502502441,0.2637586593627929,5.046656608581543,1.6576666831970217,17.268767833709717,17.225680351257324,2048.0,1.0,2.0,2.0,0.8021715249348056,0.8751872351136509,0.9980468745347939,0.12285963942114297
h2mg,h2mg_1_30,23.53071594238281,19.88854455947876,0.351708173751831,0.303985595703125,4.935564994812012,1.622769832611084,18.24344110488892,17.961787700653076,2048.0,1.0,2.0,2.0,0.39177214576891645,0.9365527090327924,0.9766884425084329,0.04013573347564048
h2mg,h2mg_1_40,22.443366289138797,19.59491086006165,0.3787810802459717,0.3063201904296875,5.946930170059204,1.743574619293213,16.117653846740723,17.54501485824585,2048.0,1.0,2.0,2.0,0.07267469335271175,0.8880308477361736,0.9233634975851008,0.035332649848927256
h2mg,h2mg_1_50,22.549824476242065,17.231230974197388,0.365802526473999,0.2838392257690429,6.192307710647583,1.7043397426605225,15.991713285446169,15.24305009841919,2048.0,1.0,2.0,2.0,0.058202728215442714,0.8588110695095887,0.8300806486022316,-0.028730420907357113
h2mg,h2mg_1_60,20.933784008026123,17.69184970855713,0.3673970699310303,0.3433241844177246,5.622946500778198,1.772181510925293,14.94343900680542,15.576342582702637,2048.0,1.0,2.0,2.0,0.04968056372175131,0.6025546512765413,0.7468201620896416,0.14426551081310035
h2mg,h2mg_1_70,20.77527928352356,17.266276359558105,0.375640869140625,0.3035659790039062,5.519566535949707,1.7626471519470217,14.880070209503174,15.200061798095703,2048.0,1.0,2.0,2.0,0.04368474118444219,0.5419563899472262,0.6872610839018284,0.14530469395460222
h2mg,h2mg_1_80,28.070096254348755,21.945322275161743,0.3948135375976562,0.3155124187469482,6.624878168106079,2.741788625717163,21.05040287971497,18.888020038604736,2048.0,1.0,2.0,2.0,0.040142371964596316,0.4764374375933317,0.5448388031457014,0.06840136555236975
h2mg,h2mg_1_90,26.926069259643555,22.00847029685974,0.4635510444641113,0.3397822380065918,7.372393846511841,2.0943386554718018,19.090123176574707,19.574347972869877,2048.0,1.0,2.0,2.0,0.03753002070103996,0.44200723023022453,0.40263561443637963,-0.039371615793844905
h2mg,h2mg_2_10,24.54965043067932,24.452160120010376,0.4077029228210449,0.3005385398864746,5.172677040100098,2.47082257270813,18.969269037246704,21.68078994750977,2048.0,2.0,2.0,2.0,-1.6722034072308225,1.0,0.9980468745347939,-0.001953125465206096
h2mg,h2mg_2_20,24.937821626663208,23.246383666992188,0.3778150081634521,0.3122220039367676,5.19469428062439,2.357358455657959,19.365306615829468,20.57680082321167,2048.0,2.0,2.0,2.0,-0.12446952545459761,0.9824905692782193,0.8825147833469673,-0.099975785931252
h2mg,h2mg_2_30,27.45394253730774,21.65256810188293,0.3868060111999511,0.3055863380432129,5.528520822525024,2.313289165496826,21.538614749908447,19.033689498901367,2048.0,2.0,2.0,2.0,0.036338143888327096,0.9613000668471811,0.7350428956581704,-0.22625717118901068
h2mg,h2mg_2_40,24.632967710494995,24.338747024536133,0.485436201095581,0.2779748439788818,4.641626119613648,2.1861634254455566,19.50590395927429,21.8746075630188,2048.0,2.0,2.0,2.0,-0.05784050793292073,0.9177388456331076,0.6584034415360217,-0.2593354040970859
h2mg,h2mg_2_50,24.698095321655277,22.207374095916748,0.3878622055053711,0.3088974952697754,4.574530363082886,2.1333179473876958,19.73569965362549,19.76515769958496,2048.0,2.0,2.0,2.0,-0.03033423636770486,0.9102659682755715,0.5964988088534086,-0.31376715942216293
h2mg,h2mg_2_60,24.636290550231934,22.172994136810303,0.366403579711914,0.2749388217926025,4.761699914932251,2.010728120803833,19.50818562507629,19.88732385635376,2048.0,2.0,2.0,2.0,0.0017697406693213576,0.7792513663563838,0.5290832820510131,-0.25016808430537074
h2mg,h2mg_2_70,25.40287137031555,23.21632552146912,0.3298995494842529,0.2875769138336181,4.857549428939819,2.0060842037200928,20.215420722961422,20.92266058921814,2048.0,2.0,2.0,2.0,-0.015223699806413478,0.8497804150871617,0.5191781122769052,-0.3306023028102565
h2mg,h2mg_2_80,26.4617018699646,22.81891417503357,0.4656720161437988,0.2538545131683349,5.156100749969482,2.0376925468444824,20.839927911758423,20.527364253997803,2048.0,2.0,2.0,2.0,0.008035443223669076,0.7035537348071519,0.5107763629391548,-0.19277737186799704
h2mg,h2mg_2_90,26.36829376220703,21.43942165374756,0.4149935245513916,0.2894942760467529,5.593281269073486,2.228843927383423,20.36001443862915,18.92108154296875,2048.0,2.0,2.0,2.0,-0.03329337158667722,0.6647620200707242,0.45379123674370697,-0.2109707833270172
h2mg,h2mg_4_10,26.538145542144772,23.25480556488037,0.3719696998596191,0.251676082611084,4.952358722686768,2.794261932373047,21.213815689086918,20.208863258361816,2048.0,4.0,2.0,2.0,-1.7001895998490089,1.0,0.9747582151421562,-0.025241784857843785
h2mg,h2mg_4_20,27.446330547332764,24.35164833068848,0.352180004119873,0.3042037487030029,7.638971090316772,2.675896644592285,19.455178260803223,21.371546983718872,2048.0,4.0,2.0,2.0,-0.33687480891289745,0.9574720600679892,0.7518929732766882,-0.205579086791301
h2mg,h2mg_4_30,24.46721076965332,24.66790890693665,0.3128273487091064,0.1993672847747802,4.067521572113037,2.410754919052124,20.08686065673828,22.057785749435425,2048.0,4.0,2.0,2.0,-0.07341763981330121,0.8935637546102031,0.8123711923732218,-0.08119256223698135
h2mg,h2mg_4_40,24.572816133499146,23.790544748306274,0.2774419784545898,0.364335298538208,4.019569873809815,2.335524797439575,20.275802850723267,21.09068369865417,2048.0,4.0,2.0,2.0,-0.004239949454488995,0.857001073190935,0.6807914149222101,-0.17620965826872492
h2mg,h2mg_4_50,27.189518690109253,21.57213854789734,0.3512740135192871,0.2532930374145508,4.11959719657898,2.3203020095825195,22.71864628791809,18.998542547225952,2048.0,4.0,2.0,2.0,0.0033888022423342323,0.7879001166723041,0.5191791685434982,-0.26872094812880587
h2mg,h2mg_4_60,24.728487491607662,24.266525506973267,0.3012583255767822,0.2234895229339599,4.076879978179932,2.358859777450561,20.350346565246586,21.684173822402958,2048.0,4.0,2.0,2.0,-0.026919330144682202,0.8624368370084647,0.4818493886956792,-0.3805874483127855
h2mg,h2mg_4_70,23.75901174545288,23.7397940158844,0.3735253810882568,0.265352725982666,4.67138147354126,2.4181628227233887,18.71410346031189,21.05627751350403,2048.0,4.0,2.0,2.0,0.07152066108301292,0.020985429768972733,0.4176576891301714,0.39667225936119865
h2mg,h2mg_4_80,26.303374767303467,20.44643521308899,0.3670549392700195,0.2831079959869385,4.467792749404907,2.7997541427612305,21.468525648117065,17.363572120666504,2048.0,4.0,2.0,2.0,0.03116025410251949,0.049985267453347845,0.5491735245357238,0.4991882570823759
h2mg,h2mg_4_90,23.485411643981934,19.909340858459476,0.3514044284820556,0.2676563262939453,5.223270654678345,2.485074043273926,17.9107346534729,17.156604766845703,2048.0,4.0,2.0,2.0,0.00423756690076546,0.0014600016608292633,0.2881395884280468,0.28667958676721755
h2mg,h2mg_8_10,22.64219117164612,21.8237042427063,0.278245210647583,0.2550027370452881,5.208573341369629,3.655383586883545,17.155369997024536,17.91331696510315,2048.0,8.0,2.0,2.0,-0.008867615214590785,0.9941463484469764,0.9921989478352735,-0.001947400611702843
h2mg,h2mg_8_20,21.485615491867065,19.900644302368164,0.3359255790710449,0.2420778274536132,4.093443155288696,2.656590700149536,17.056243658065796,17.0019748210907,2048.0,8.0,2.0,2.0,-0.30994386164042065,0.9593851043637472,0.8678897178795192,-0.09149538648422806
h2mg,h2mg_8_30,20.47241806983948,18.987321376800537,0.3387200832366943,0.2163970470428466,3.9827067852020255,2.366706132888794,16.15099000930786,16.404216766357422,2048.0,8.0,2.0,2.0,-0.025016943090256427,0.8123713512979125,0.7689340601627239,-0.04343729113518857
h2mg,h2mg_8_40,20.187880992889404,18.47391700744629,0.3280894756317138,0.2304024696350097,3.71516752243042,2.435373544692993,16.144622564315796,15.808138608932495,2048.0,8.0,2.0,2.0,0.013362644235516197,0.6457787476281774,0.6193553668206604,-0.02642338080751705
h2mg,h2mg_8_50,20.125037670135494,17.76494002342224,0.3380625247955322,0.2141709327697754,4.363826274871826,2.189970016479492,15.423147916793823,15.36079716682434,2048.0,8.0,2.0,2.0,0.10950718894752162,0.008681678094288055,0.5696405659971863,0.5609588879028982
h2mg,h2mg_8_60,20.396716594696045,17.393598794937134,0.3359062671661377,0.2260808944702148,5.1441330909729,2.189453125,14.9166738986969,14.978062629699709,2048.0,8.0,2.0,2.0,0.006927244446279235,0.004896879148708704,0.5079763142038896,0.5030794350551808
h2mg,h2mg_8_70,25.5654399394989,20.6661593914032,0.3131608963012695,0.2532775402069092,4.364295721054077,3.261646270751953,20.88798236846924,17.15123438835144,2048.0,8.0,2.0,2.0,0.021032454781906074,0.005946390753901089,0.517774366210904,0.5118279754570029
h2mg,h2mg_8_80,23.15742540359497,19.06958031654358,0.3920280933380127,0.2253949642181396,4.55245041847229,2.6658265590667725,18.21294522285461,16.17835783958435,2048.0,8.0,2.0,2.0,-0.04070173738135227,-0.0004039390829641256,0.407621843868351,0.4080257829513151
h2mg,h2mg_8_90,23.53414869308472,20.10573124885559,0.3584554195404053,0.2261726856231689,4.951385974884033,2.348905324935913,18.22430658340454,17.530651569366455,2048.0,8.0,2.0,2.0,0.007664956923036426,-0.0004530494791906089,0.3510647291838103,0.35151777866300093
h2mg,h2mg_16_10,21.564494609832764,23.50384831428528,0.3088130950927734,0.3090124130249023,4.308989524841309,5.070847272872925,16.946690797805786,18.12398743629456,2048.0,16.0,2.0,2.0,0.3811664442101299,0.9960956573486328,0.9902534555189625,-0.005842201829670324
h2mg,h2mg_16_20,24.61215090751648,22.718114137649536,0.2963788509368896,0.3267393112182617,4.631922483444214,3.790234088897705,19.68384790420532,18.601140022277832,2048.0,16.0,2.0,2.0,-0.06991208625264012,0.9441341239559914,0.8588110782109685,-0.08532304574502292
h2mg,h2mg_16_30,25.893813371658325,19.938495635986328,0.3085193634033203,0.342825174331665,5.637353420257568,3.152078866958618,19.947937726974487,16.443589687347412,2048.0,16.0,2.0,2.0,0.21109250975534227,0.008489137455927848,0.7383976082656832,0.7299084708097554
h2mg,h2mg_16_40,23.444753885269165,24.16336417198181,0.2953956127166748,0.3138399124145508,5.343627452850342,2.7838563919067383,17.805728673934937,21.06566548347473,2048.0,16.0,2.0,2.0,-0.1421920570050178,0.0018998076818632994,0.5622862679970897,0.5603864603152264
h2mg,h2mg_16_50,21.707536935806274,22.34992337226868,0.3116960525512695,0.3227078914642334,5.0063636302948,2.6462223529815674,16.389474868774414,19.38099217414856,2048.0,16.0,2.0,2.0,-0.10687927043423906,0.002611865976910342,0.34875067698694195,0.34613881101003163
h2mg,h2mg_16_60,25.89409208297729,19.871833086013797,0.3123502731323242,0.2872025966644287,5.235452890396118,2.846188306808472,20.346287488937374,16.73844051361084,2048.0,16.0,2.0,2.0,-0.08319996666903318,0.0025110453218323728,0.3710308233242913,0.36851977800245894
h2mg,h2mg_16_70,24.120698928833008,24.2414710521698,0.2836661338806152,0.2962405681610107,5.4238927364349365,2.8861727714538574,18.413137912750244,21.05905675888061,2048.0,16.0,2.0,2.0,-0.19696025219477387,0.001124199194668049,0.3030195667180386,0.30189536752337054
h2mg,h2mg_16_80,23.838383197784424,25.81564998626709,0.2842888832092285,0.3406879901885986,4.965108871459961,3.096438407897949,18.58898401260376,22.378522634506226,2048.0,16.0,2.0,2.0,-0.168366467753591,-0.00046170408823921374,0.2997999540316572,0.3002616581198964
h2mg,h2mg_16_90,23.78411054611206,21.944281578063965,0.3134965896606445,0.2942457199096679,5.573472499847412,3.0431132316589355,17.897140741348267,18.606921672821045,2048.0,16.0,2.0,2.0,-0.17446967365278282,-5.3491105254008735e-05,0.28086448381110424,0.2809179749163582
h2mg,h2mg_32_10,23.13745617866516,24.38109564781189,0.2954843044281006,0.8228387832641602,4.711392164230347,5.258185148239136,18.13057827949524,18.300071001052856,2048.0,32.0,2.0,2.0,0.09326465841266396,0.9747582165507205,0.9941463484469764,0.019388131896255878
h2mg,h2mg_32_20,22.705597639083862,21.575812101364136,0.2945654392242431,0.8392503261566162,5.34499454498291,4.111405611038208,17.066035985946655,16.6251540184021,2048.0,32.0,2.0,2.0,0.3398656282772762,0.008677617408371944,0.7501994076171871,0.7415217902088151
h2mg,h2mg_32_30,23.529252767562863,24.53454184532165,0.2877857685089111,0.7837817668914795,5.463871717453003,3.74480938911438,17.777594089508057,20.00594997406006,2048.0,32.0,2.0,2.0,0.2058826958293808,-0.00010628006326463258,0.695381154053864,0.6954874341171287
h2mg,h2mg_32_40,30.237354040145878,23.33928108215332,0.3208687305450439,0.7507297992706299,5.569526433944702,3.995725154876709,24.346957445144653,18.59282398223877,2048.0,32.0,2.0,2.0,-0.015816386749603173,0.00418768282725057,0.6270695158714241,0.6228818330441735
h2mg,h2mg_32_50,24.17515277862549,24.073363304138184,0.3120543956756592,0.7847635746002197,5.208056926727295,3.9741268157958975,18.65503978729248,19.31447196006775,2048.0,32.0,2.0,2.0,-0.028277651186815134,0.0007501911467226062,0.5276630884385486,0.526912897291826
h2mg,h2mg_32_60,24.516594886779785,27.374161958694454,0.2940747737884521,0.9048614501953124,5.658932447433472,4.188969612121582,18.56358647346497,22.28032898902893,2048.0,32.0,2.0,2.0,-0.1159099777770084,0.002194616559334859,0.4038772196712612,0.4016826031119264
h2mg,h2mg_32_70,25.804859161376957,26.419893264770508,0.3070802688598633,0.7659673690795898,5.513468980789185,4.8839099407196045,19.984308004379272,20.77001357078552,2048.0,32.0,2.0,2.0,-0.23179583946952653,0.001118704877493651,0.08675333764651609,0.08563463276902245
h2mg,h2mg_32_80,25.47978687286377,27.95712375640869,0.3033373355865478,0.72090744972229,5.47345495223999,5.5019378662109375,19.70299196243286,21.734275341033936,2048.0,32.0,2.0,2.0,-0.0029455647222209613,0.00026646190495356744,0.0016189671989042741,0.0013525052939507066
h2mg,h2mg_32_90,31.14777135848999,27.961790084838867,0.3296434879302978,0.7063846588134766,6.563516616821289,5.99467134475708,24.254610538482662,21.26073265075684,2048.0,32.0,2.0,2.0,0.02042950705361224,6.692622721859496e-05,0.0018972736287752822,0.0018303474015566872
h2mg,h2mg_64_10,28.732471227645878,33.94204545021057,0.4021766185760498,2.86333966255188,5.846314907073975,9.973788738250732,22.483978509902958,21.104915857315063,2048.0,64.0,2.0,2.0,-0.008674110947301417,0.9902534555916509,0.9747582151421562,-0.015495240449494685
h2mg,h2mg_64_20,23.28357672691345,28.54844570159912,0.3842406272888183,3.0004897117614746,6.1086201667785645,6.380340099334717,16.790714740753174,19.16761445999145,2048.0,64.0,2.0,2.0,0.1863134772083045,0.0032988608332600966,0.6426414808663363,0.6393426200330762
h2mg,h2mg_64_30,27.2297785282135,31.11717939376831,0.3805291652679443,3.1933035850524902,6.895072937011719,6.906151294708252,19.954174995422363,21.01772379875183,2048.0,64.0,2.0,2.0,-0.27132290378775853,-0.00024428517185671274,0.510764681405124,0.5110089665769807
h2mg,h2mg_64_40,26.43569827079773,30.702624559402462,0.323143720626831,3.3334014415740967,7.229331970214844,8.431193828582764,18.88322138786316,18.93802809715271,2048.0,64.0,2.0,2.0,-0.2547851535261968,0.0002075069296024746,0.42400036361749394,0.42379285668789146
h2mg,h2mg_64_50,25.530599117279053,33.051602602005005,0.337130069732666,3.059346437454224,5.793707847595215,9.977095127105711,19.39975881576538,20.015158891677856,2048.0,64.0,2.0,2.0,-0.3945233486643128,-0.0003492661724453782,0.14108828124647044,0.14143754741891582
h2mg,h2mg_64_60,29.18044257164001,35.052889585494995,0.3423876762390136,3.1713716983795166,6.362746000289917,12.922606229782104,22.475308179855347,18.9589102268219,2048.0,64.0,2.0,2.0,0.05208429034027018,-0.00042603855603361965,-0.0004731363755319873,-4.709781949836767e-05
h2mg,h2mg_64_70,29.28327989578247,38.791003704071045,0.4281260967254638,3.168098211288452,8.268633842468262,14.461454391479492,20.58651876449585,21.161449670791622,2048.0,64.0,2.0,2.0,0.04405440458703003,-0.000301327397189575,-0.0003891424094003526,-8.781501221077757e-05
h2mg,h2mg_64_80,27.426489114761356,38.45740652084351,0.3638970851898193,2.973944664001465,7.558941602706909,12.458107233047484,19.50364828109741,23.02535343170166,2048.0,64.0,2.0,2.0,0.05729616294835038,-0.0004527307186748568,-0.00043847608947310106,1.425462920175575e-05
h2mg,h2mg_64_90,27.495827674865723,37.01191163063049,0.3878757953643799,3.116678237915039,6.001927375793457,14.49628233909607,21.10602378845215,19.39894986152649,2048.0,64.0,2.0,2.0,0.034381190180765575,-0.0004402704890305743,-0.00048435773559214247,-4.4087246561568146e-05
h2mg,h2mg_128_10,27.71430730819702,42.13311409950256,0.4005551338195801,12.632896423339844,5.613061904907227,10.307385921478271,21.700688123703003,19.19282913208008,2048.0,128.0,2.0,2.0,0.6742927729098676,0.00145335678184651,0.927122754959105,0.9256693981772585
h2mg,h2mg_128_20,25.691930770874023,46.18855309486389,0.3899211883544922,13.405576944351196,5.548774719238281,11.665624380111694,19.753233909606934,21.117350578308105,2048.0,128.0,2.0,2.0,0.021086954494099253,-0.00045429176529576616,0.7002810530522684,0.7007353448175642
h2mg,h2mg_128_30,28.70866370201111,58.4003381729126,0.4230830669403076,14.934184551239014,6.098376750946045,20.62022042274475,22.187202215194706,22.84593176841736,2048.0,128.0,2.0,2.0,-0.1908417197933635,-0.00021127718230850868,0.18943027876909124,0.18964155595139975
h2mg,h2mg_128_40,30.11474347114563,64.40804314613342,0.4734277725219726,17.372941493988037,7.6373114585876465,25.544564962387085,22.00400328636169,21.49053311347961,2048.0,128.0,2.0,2.0,-0.36044724822289564,0.00020711947798406362,0.09379740345785839,0.09359028397987433
h2mg,h2mg_128_50,28.96243453025818,66.11979508399963,0.4022958278656006,16.988468170166016,6.898629665374756,29.2121684551239,21.66150641441345,19.91915726661682,2048.0,128.0,2.0,2.0,0.14260278947079819,-6.764712690868656e-05,-0.00037461419512524653,-0.00030696706821655995
h2mg,h2mg_128_60,26.866195678710938,70.8464035987854,0.4951012134552002,17.626490831375122,5.912129878997803,32.758861780166626,20.458961248397827,20.46104979515076,2048.0,128.0,2.0,2.0,0.16243134864141728,6.305613948010763e-05,0.0001247540456439743,6.169790616386668e-05
h2mg,h2mg_128_70,27.237462282180783,77.92677974700928,0.4596869945526123,17.960015535354614,6.500188589096069,39.83080840110779,20.27758550643921,20.13595461845398,2048.0,128.0,2.0,2.0,0.1417865303005017,0.0001094407373711603,-9.622936459416427e-05,-0.00020567010196532456
h2mg,h2mg_128_80,25.60120368003845,71.88022685050964,0.440974473953247,18.18492078781128,6.651659727096558,33.74750900268555,18.508568286895752,19.947795629501343,2048.0,128.0,2.0,2.0,0.14890953885922786,-0.00037219791099003406,-0.00041785215504710447,-4.5654244057070404e-05
h2mg,h2mg_128_90,27.660224437713623,83.82937145233154,0.3902919292449951,21.35770034790039,6.63524603843689,43.17379975318909,20.634685277938843,19.29786992073059,2048.0,128.0,2.0,2.0,0.13239944715063912,-0.00045157236443877323,-0.00045220928276145766,-6.36918322684428e-07
mnist,digits,179.71764945983887,213.1837651729584,2.6958603858947754,150.84934449195862,144.12333965301514,28.84138250350952,32.898441553115845,33.49303674697876,70000.0,719.0,10.0,10.0,0.04716314434232993,0.24772210263699235,0.1999475158098184,-0.04777458682717395
mnist,fashion,112.736168384552,249.83897733688357,1.7921154499053955,203.9759907722473,79.86636877059937,20.32292628288269,31.077680587768555,25.540047645568848,70000.0,784.0,10.0,10.0,0.15093627251351888,0.27678130977870796,0.38496844365349325,0.10818713387478529
other,chameleon_t4_8k,113.09347987174988,65.35942101478577,0.4484994411468506,0.4644002914428711,80.0090696811676,27.280287265777588,32.63590598106384,37.614731311798096,8000.0,2.0,6.0,6.0,0.016844030129968032,0.4586184965496203,0.46261572796648215,0.003997231416861868
other,chameleon_t5_8k,123.02529621124268,61.72499775886536,0.555741548538208,0.3508522510528564,87.79856753349304,27.27496337890625,34.67097759246826,34.099175214767456,8000.0,2.0,6.0,6.0,0.0003947793770118042,0.29387895461629526,0.21843358152467798,-0.07544537309161728
other,chameleon_t7_10k,155.05230569839478,81.63965201377869,0.6298727989196777,0.3609685897827148,117.6929702758789,41.91691184043884,36.72945737838745,39.361767053604126,10000.0,2.0,9.0,9.0,0.003353132104713597,0.41253621437612836,0.36387353845575837,-0.04866267592036999
other,chameleon_t8_8k,122.4152171611786,64.14341640472412,0.5882678031921387,0.3463575839996338,86.8193256855011,27.831276893615723,35.00761413574219,35.965779066085815,8000.0,2.0,8.0,8.0,0.003237493747403654,0.4870695746984634,0.47107966057839146,-0.015989914120071946
other,hdbscan,27.45773220062256,26.2867443561554,0.371828556060791,0.3154778480529785,6.077694654464722,2.6162567138671875,21.008201599121094,23.35500550270081,2309.0,2.0,6.0,6.0,-0.00037290275467610767,0.6305768406469412,0.5795069273795341,-0.05106991326740706
other,iris,1.4332218170166016,1.5113294124603271,0.321559190750122,0.2547333240509033,0.1392824649810791,0.131803274154663,0.9723787307739258,1.124791383743286,150.0,4.0,3.0,3.0,0.03872716828086792,0.7015292412422846,0.6099646258503402,-0.09156461539194438
other,iris5,1.2203037738800049,0.7721283435821533,0.4092905521392822,0.2650625705718994,0.1164507865905761,0.1036384105682373,0.694561243057251,0.4034261703491211,105.0,4.0,3.0,3.0,-0.13577231200523357,0.33183834217490155,0.3444796579575608,0.012641315782659257
other,square,17.00888228416443,15.121201276779177,0.4134523868560791,0.2935066223144531,1.2826223373413086,0.5083835124969482,15.312805414199827,14.3193039894104,1000.0,2.0,2.0,2.0,0.023819204226009975,0.38634497869750456,0.02726725941410017,-0.3590777192834044
sipu,a1,33.647515058517456,29.65405249595642,0.419029951095581,0.3145194053649902,9.466056108474731,4.391713619232178,23.7624249458313,24.947813510894772,3000.0,2.0,20.0,20.0,0.0015196730454877239,0.7945091123407425,0.8452018091819613,0.0506926968412188
sipu,a2,65.05135846138,46.57060384750366,0.3973536491394043,0.3234834671020508,31.343817234039307,12.660910606384276,33.310184717178345,33.58620500564575,5250.0,2.0,35.0,35.0,0.01528653090596567,0.8335430198187328,0.8539112966722988,0.020368276853566014
sipu,a3,104.29921436309814,60.08787131309509,0.5049540996551514,0.3192012310028076,66.64363837242126,24.207874059677124,37.1506187915802,35.56079196929932,7500.0,2.0,50.0,50.0,0.020592994217231195,0.8879949485149321,0.874359050034553,-0.01363589848037905
sipu,aggregation,13.451733827590942,13.535435676574709,0.4131810665130615,0.2866072654724121,0.7233691215515137,0.3709611892700195,12.315182209014893,12.877862691879272,788.0,2.0,7.0,7.0,0.03720227771171558,0.47675490506507673,0.5413482976107044,0.06459339254562763
sipu,birch1,252.1508474349976,102.76880955696106,0.6122434139251709,0.334963321685791,190.07838916778564,41.88942241668701,61.4602108001709,60.54441785812378,100000.0,2.0,100.0,100.0,0.02756025832709994,0.37125795943135165,0.782981642780569,0.4117236833492174
sipu,birch2,171.4367163181305,94.44403052330016,0.5198190212249756,0.339860200881958,116.12946105003356,40.89947533607483,54.78743290901184,53.20469236373901,100000.0,2.0,100.0,100.0,0.004846541115758826,0.8002874579612606,0.7116433906984833,-0.08864406726277729
sipu,compound,20.29780912399292,19.97204184532165,0.4184238910675049,0.2959344387054443,0.2922742366790771,0.2308523654937744,19.58710885047913,19.445253372192383,399.0,2.0,4.0,6.0,0.02190135180774888,0.6000485025036838,0.7719411301316231,0.17189262762793933
sipu,d31,40.67664384841919,32.03106117248535,0.3491253852844238,0.2930843830108642,10.507882833480837,4.279167652130127,29.81963396072388,27.458805799484253,3100.0,2.0,31.0,31.0,-0.009424416477405106,0.7827757974117228,0.8510557807378315,0.06827998332610874
sipu,flame,2.922447919845581,2.465682029724121,0.3276674747467041,0.2902097702026367,0.1502501964569091,0.1334676742553711,2.444528579711914,2.0420026779174805,240.0,2.0,2.0,2.0,0.06351435329126853,0.06539410137564296,0.5028086449235826,0.4374145435479396
sipu,jain,5.369370698928833,4.789626121520996,0.3798274993896484,0.2805657386779785,0.2439556121826172,0.1732289791107177,4.745586633682251,4.335829973220825,373.0,2.0,2.0,2.0,-0.009199011788823125,0.5354285888947478,0.2971155970470197,-0.23831299184772808
sipu,pathbased,6.353818655014038,6.054892301559448,0.3897602558135986,0.2726418972015381,0.2323007583618164,0.1583669185638427,5.731755971908569,5.623881101608276,300.0,2.0,3.0,4.0,0.11708164300981239,0.290713903797248,0.5053402153330848,0.21462631153583683
sipu,r15,21.781055450439453,20.59864592552185,0.3823287487030029,0.3022544384002685,0.5065186023712158,0.2589840888977051,20.89220714569092,20.03740620613098,600.0,2.0,8.0,15.0,0.08707458996828432,0.9579657202622802,0.9641908677623563,0.006225147500076078
sipu,s1,43.67983174324036,27.44381666183472,0.3838374614715576,0.2443103790283203,22.61435484886169,8.468432188034058,20.68163371086121,18.731062173843384,5000.0,2.0,15.0,15.0,0.05337644156656616,0.8201176133321452,0.953884449500777,0.13376683616863183
sipu,s2,48.51348042488098,40.989075660705566,0.332545518875122,0.2735891342163086,27.027839183807373,12.70824670791626,21.15308952331543,28.007224798202515,5000.0,2.0,15.0,15.0,-0.02687760518493015,0.8555768933354083,0.7799921214858351,-0.07558477184957324
sipu,s3,58.73041677474976,42.13497161865234,0.4963021278381347,0.3260974884033203,27.32976174354553,11.26399827003479,30.904346466064453,30.54487371444702,5000.0,2.0,15.0,15.0,-0.0066000189958628115,0.5438988888936399,0.6230394449785852,0.0791405560849453
sipu,s4,53.3715033531189,38.19570374488831,0.3535072803497314,0.2708408832550049,23.58587884902954,10.347506761550903,29.43211150169373,27.57735323905945,5000.0,2.0,15.0,15.0,-0.0002709593565185138,0.5090702378502163,0.5524940151791587,0.043423777328942426
sipu,spiral,4.38113808631897,4.700029373168945,0.4137959480285644,0.2380173206329345,0.2705931663513183,0.1264221668243408,3.696747064590454,4.3355889320373535,312.0,2.0,3.0,3.0,0.0406738517456476,0.0006005500861863694,-0.004559713326440647,-0.005160263412627017
sipu,unbalance,91.87621355056764,51.48815226554871,0.4079251289367676,0.2095680236816406,61.129886865615845,20.7771577835083,30.33839988708496,30.50142502784729,6500.0,2.0,8.0,8.0,0.0010177014950283213,0.5800449219565401,0.5855833523305048,0.005538430373964731
sipu,worms_2,160.2029354572296,92.55148434638976,0.4029333591461181,0.3577923774719238,112.48262977600098,46.99512553215027,47.31737065315247,45.19856262207031,105600.0,2.0,35.0,35.0,0.0010283164661172525,0.5731003812856003,0.6935013981184686,0.1204010168328683
sipu,worms_64,453.0630013942719,99.54979062080383,2.5662622451782227,8.467352151870728,404.4498383998871,49.26502799987793,46.04689884185791,41.81740760803223,105000.0,64.0,25.0,25.0,-0.032680822193795256,0.5577335502647088,0.22176992894245082,-0.335963621322258
uci,ecoli,5.601500511169434,4.909672737121582,0.3179686069488525,0.2515950202941894,0.2570521831512451,0.1696155071258545,5.02647852897644,4.488460779190064,336.0,7.0,8.0,8.0,-0.12795731265838067,0.35623034379719754,0.3736580328078356,0.01742768901063807
uci,glass,2.6719970703125,2.620182991027832,0.3049571514129638,0.2645633220672607,0.1638498306274414,0.1310253143310547,2.20318865776062,2.224593162536621,214.0,9.0,6.0,6.0,0.0415231555952076,0.20229433412544637,0.12002790784307306,-0.08226642628237331
uci,ionosphere,5.112333297729492,5.379443168640137,0.3437826633453369,0.2492566108703613,0.2221107482910156,0.2092270851135254,4.546437978744507,4.920957088470459,351.0,33.0,2.0,2.0,0.1632371967560279,0.12846688272331558,0.14861230960646987,0.020145426883154294
uci,sonar,2.34206223487854,2.049580335617065,0.3373987674713135,0.24778413772583,0.1509413719177246,0.1499538421630859,1.853721141815185,1.6518409252166748,208.0,60.0,2.0,2.0,0.4746395174668116,-0.0002597485720819376,-0.001471578037328913,-0.0012118294652469755
uci,statlog,31.9257333278656,24.35271978378296,0.397613525390625,0.3562686443328857,10.261945724487305,2.8919219970703125,21.266170740127563,21.10452675819397,2310.0,18.0,7.0,7.0,-1.37443385987916e-07,0.5402079399515277,0.3947008343334467,-0.145507105618081
uci,wdbc,10.295582294464111,9.722489595413208,0.3122568130493164,0.2498857975006103,0.5214736461639404,0.3257701396942138,9.461849212646484,9.14682936668396,569.0,30.0,2.0,2.0,0.0022438547770680627,0.6778788923299982,0.6706203458828008,-0.007258546447197367
uci,wine,1.723278522491455,2.3163483142852783,0.3710370063781738,0.3113129138946533,0.1597297191619873,0.1513130664825439,1.1925098896026611,1.8537206649780276,178.0,13.0,3.0,3.0,0.002948062069992343,0.8484549029281234,0.8059676182320636,-0.04248728469605978
uci,yeast,23.015926599502563,22.121245861053467,0.4115869998931885,0.3024492263793945,3.2616987228393555,2.148174285888672,19.342633724212646,19.67062091827393,1484.0,8.0,10.0,10.0,0.04374314391325804,0.12287289272412207,0.11454296272030084,-0.00832993000382122
wut,circles,44.55110788345337,33.515318870544434,0.3708994388580322,0.2363190650939941,18.07345533370972,7.579519033432007,26.10675024986267,25.699477195739743,4000.0,2.0,4.0,4.0,1.564811780260672,0.336073427818145,1.0,0.663926572181855
wut,cross,25.179770708084103,22.75418996810913,0.3607969284057617,0.2310156822204589,5.3071582317352295,2.801675081253052,19.51181411743164,19.721498012542725,2000.0,2.0,4.0,4.0,0.007681192573460283,0.29410235596478707,0.3079243125729189,0.013821956608131847
wut,graph,31.18679022789001,24.717778205871586,0.3499934673309326,0.2836072444915771,8.42424488067627,3.211531162261963,22.412550926208496,21.22263789176941,2500.0,2.0,10.0,10.0,0.004624986725048027,0.5223768698172452,0.4654352206289212,-0.056941649188324006
wut,isolation,117.50569558143616,69.38865447044373,0.4423494338989258,0.3177061080932617,77.32860708236694,30.810973405838013,39.73473739624024,38.25997233390808,9000.0,2.0,3.0,3.0,-0.0023574532629083655,0.000783738091545476,-0.00013024072484267853,-0.0009139788163881545
wut,labirynth,39.81729888916016,32.66424798965454,0.3875377178192138,0.2602889537811279,13.22996950149536,5.084555149078369,26.19978666305542,27.31940245628357,3546.0,2.0,6.0,6.0,0.0018198416168389436,0.4777244890828581,0.352868486697825,-0.12485600238503308
wut,mk1,4.462941884994507,4.029641628265381,0.3099074363708496,0.2308192253112793,0.2147064208984375,0.1308941841125488,3.9383251667022714,3.667925596237183,300.0,2.0,3.0,3.0,0.35672658322073714,0.9500317994910399,0.9800680223095938,0.030036222818553893
wut,mk2,16.103150129318237,14.280943155288696,0.3633103370666504,0.2617049217224121,1.176255226135254,0.549816370010376,14.563583612442017,13.469419956207275,1000.0,2.0,2.0,2.0,-0.021501732194378613,0.009019597991391811,0.007842949113932955,-0.0011766488774588562
wut,mk3,10.552332401275637,9.5138201713562,0.3640115261077881,0.2830443382263183,0.4949598312377929,0.3057212829589844,9.69335913658142,8.925053596496582,600.0,3.0,3.0,3.0,-0.0588470746787067,0.877732852384353,0.8022077885401304,-0.07552506384422253
wut,mk4,20.661335945129395,20.32939457893372,0.3903517723083496,0.3372437953948974,2.252784490585327,1.1576931476593018,18.018198251724243,18.8344566822052,1500.0,3.0,3.0,3.0,-0.0007100046814930705,0.9528329727857846,0.4034926164884058,-0.5493403562973789
wut,olympic,57.90995502471924,40.08150506019592,0.4724049568176269,0.2939434051513672,29.54633831977844,11.348668575286863,27.89121103286743,28.4388906955719,5000.0,2.0,5.0,5.0,0.004249353421724514,0.13394679933174003,0.13291508434198607,-0.0010317149897539624
wut,smile,33.445488929748535,32.46489071846008,0.4112675189971924,0.3012712001800537,1.0714819431304932,0.55263352394104,31.962735891342163,31.61098265647888,1000.0,2.0,4.0,6.0,0.016180902347958936,0.5615039021879786,0.59434927592169,0.032845373733711325
wut,stripes,64.05189681053162,40.42535042762756,0.3636481761932373,0.2755975723266601,33.27061176300049,11.166686773300173,30.41763401031494,28.98306131362915,5000.0,2.0,2.0,2.0,0.00549931776051231,0.36420825479216834,0.13207100898911206,-0.23213724580305628
wut,trajectories,135.257714509964,77.97048115730286,0.4760189056396484,0.3411104679107666,95.9693043231964,39.981000661849976,38.81238508224487,37.64836359024048,10000.0,2.0,4.0,4.0,-0.003980787889487378,0.6812894321431808,0.9925484832637282,0.3112590511205474
wut,trapped_lovers,57.95087480545044,40.60248398780823,0.3888309001922607,0.3193526268005371,25.949992895126343,12.562640190124512,31.612048149108887,27.720489740371704,5000.0,3.0,3.0,3.0,0.0008474057026404865,0.6056432270287793,0.3093088141950725,-0.29633441283370676
wut,twosplashes,5.9085774421691895,6.369161605834961,0.335986852645874,0.2854602336883545,0.2654674053192138,0.1935682296752929,5.307121992111206,5.890129566192627,400.0,2.0,2.0,2.0,0.007082232540029709,0.000527634180669858,0.2333092820085978,0.23278164782792793
wut,windows,35.92563033103943,26.7867534160614,0.3744256496429443,0.2303190231323242,11.264742374420166,3.9453670978546143,24.286460876464844,22.611064910888672,2977.0,2.0,5.0,5.0,0.028574829586422715,0.1390318872563512,0.11252922413152687,-0.02650266312482434
wut,x1,0.9928913116455078,1.0536556243896484,0.3020174503326416,0.2745192050933838,0.108609914779663,0.0994353294372558,0.5822625160217285,0.6796996593475342,120.0,2.0,3.0,3.0,-0.05180180916852278,0.9722696182435941,0.9453402835290106,-0.026929334714583586
wut,x2,1.7923612594604492,1.6614429950714111,0.3236782550811767,0.1889021396636963,0.1249036788940429,0.0966060161590576,1.343778133392334,1.3759331703186035,120.0,2.0,3.0,4.0,-0.1156099678624567,0.6949095824429472,0.8738988430818567,0.17898926063890952
wut,x3,3.730965614318848,3.7936389446258554,0.2666804790496826,0.2037022113800048,0.1259527206420898,0.1164312362670898,3.3383288383483887,3.473504543304444,185.0,2.0,3.0,4.0,-0.2162710187634176,0.8167137897776902,0.8707319802195452,0.054018190441855074
wut,z1,2.026840686798096,2.0229268074035645,0.23246431350708,0.2207894325256347,0.1523661613464355,0.1007285118103027,1.6420087814331057,1.7014074325561523,192.0,2.0,3.0,3.0,-0.03358521914258436,0.12987049750600418,0.11310263028060631,-0.016767867225397873
wut,z2,15.30022644996643,14.592400312423706,0.2812097072601318,0.2772061824798584,0.905742645263672,0.5197720527648926,14.113272428512571,13.795419931411743,900.0,2.0,5.0,5.0,0.00428081385594805,0.45985941006777104,0.390398927214439,-0.06946048285333206
wut,z3,14.863041877746582,15.661482334136965,0.3427722454071045,0.3175420761108398,1.1278398036956787,0.5894594192504883,13.392428636550903,14.754477977752686,1000.0,2.0,4.0,4.0,-0.19695735433315986,1.0,0.5736748469596009,-0.4263251530403991
